-- insert.sql
USE banking;
-- INSERT statements for branches
INSERT INTO branches (branch_code, branch_name, city, state, ifsc_code) VALUES
('BR001', 'Main Branch Ludhiana', 'Ludhiana', 'Punjab', 'INB000'),
('BR002', 'West Branch Navi Mumbai', 'Navi Mumbai', 'Maharashtra', 'INB001'),
('BR003', 'South Branch Kalyan-Dombivli', 'Kalyan-Dombivli', 'Maharashtra', 'INB002'),
('BR004', 'East Branch Faridabad', 'Faridabad', 'Haryana', 'INB003'),
('BR005', 'South Branch Vadodara', 'Vadodara', 'Gujarat', 'INB004'),
('BR006', 'East Branch Vadodara', 'Vadodara', 'Gujarat', 'INB005'),
('BR007', 'Central Branch Gwalior', 'Gwalior', 'Madhya Pradesh', 'INB006'),
('BR008', 'South Branch Agra', 'Agra', 'Uttar Pradesh', 'INB007'),
('BR009', 'Main Branch Jabalpur', 'Jabalpur', 'Madhya Pradesh', 'INB008'),
('BR010', 'South Branch Mumbai', 'Mumbai', 'Maharashtra', 'INB009');

-- INSERT statements for customers
INSERT INTO customers (name, gender, date_of_birth, city, state, phone_number, email, branch_code, account_type, account_balance) VALUES
('Arjun Desai', 'M', '1979-02-19', 'Jabalpur', 'Madhya Pradesh', '9249294781', 'arjun.desai@example.com', 'BR010', 'Savings', 97038.05),
('Amit Verma', 'M', '1990-03-15', 'Kolkata', 'West Bengal', '9659373151', 'amit.verma@example.com', 'BR006', 'Savings', 45280.53),
('Prakash Jain', 'M', '1988-08-10', 'Ghaziabad', 'Uttar Pradesh', '9513534604', 'prakash.jain@example.com', 'BR009', 'Savings', 86015.02),
('Geeta Singh', 'F', '1997-03-04', 'Delhi', 'Delhi', '9420973566', 'geeta.singh@example.com', 'BR009', 'Fixed Deposit', 56250.36),
('Sameer Shah', 'M', '1976-06-13', 'Surat', 'Gujarat', '9287920768', 'sameer.shah@example.com', 'BR002', 'Savings', 95402.13),
('Pooja Saxena', 'F', '2000-12-13', 'Kanpur', 'Uttar Pradesh', '9182143016', 'pooja.saxena@example.com', 'BR009', 'Savings', 84781.54),
('Sunita Desai', 'F', '1967-09-18', 'Delhi', 'Delhi', '9780044823', 'sunita.desai@example.com', 'BR005', 'Savings', 43281.05),
('Lakshmi Kumar', 'F', '2004-06-22', 'Dhanbad', 'Jharkhand', '9507934275', 'lakshmi.kumar@example.com', 'BR008', 'Current', 91965.45),
('Abhishek Nath', 'M', '1974-02-05', 'Mysore', 'Karnataka', '9831553563', 'abhishek.nath@example.com', 'BR007', 'Current', 24918.94),
('Radha Yadav', 'F', '1998-05-09', 'Nashik', 'Maharashtra', '9530458357', 'radha.yadav@example.com', 'BR009', 'Fixed Deposit', 63459.70),
('Lakshmi Singh', 'F', '2000-11-10', 'Pune', 'Maharashtra', '9311510613', 'lakshmi.singh@example.com', 'BR007', 'Fixed Deposit', 33386.64),
('Meera Verma', 'F', '1982-11-25', 'Dhanbad', 'Jharkhand', '9867203669', 'meera.verma@example.com', 'BR002', 'Current', 7213.65),
('Geeta Kapoor', 'F', '1968-07-12', 'Pimpri-Chinchwad', 'Maharashtra', '9854578089', 'geeta.kapoor@example.com', 'BR010', 'Fixed Deposit', 34627.01),
('Arjun Gupta', 'M', '1982-05-21', 'Guwahati', 'Assam', '9525083311', 'arjun.gupta@example.com', 'BR007', 'Savings', 56178.46),
('Mohan Reddy', 'M', '1979-04-28', 'Srinagar', 'Jammu and Kashmir', '9929720233', 'mohan.reddy@example.com', 'BR009', 'Savings', 69409.12),
('Prakash Sharma', 'M', '1972-07-25', 'Nagpur', 'Maharashtra', '9587565423', 'prakash.sharma@example.com', 'BR007', 'Savings', 67525.73),
('Prakash Mehta', 'M', '1999-04-27', 'Rajkot', 'Gujarat', '9993686052', 'prakash.mehta@example.com', 'BR009', 'Fixed Deposit', 16480.55),
('Arjun Patel', 'M', '1976-01-31', 'Bangalore', 'Karnataka', '9570437123', 'arjun.patel@example.com', 'BR006', 'Current', 95340.93),
('Madhuri Nair', 'F', '1991-08-18', 'Mysore', 'Karnataka', '9490652821', 'madhuri.nair@example.com', 'BR001', 'Savings', 70760.79),
('Vikram Yadav', 'M', '2002-01-19', 'Vadodara', 'Gujarat', '9584891402', 'vikram.yadav@example.com', 'BR007', 'Current', 2126.81),
('Amit Agarwal', 'M', '1970-10-17', 'Madurai', 'Tamil Nadu', '9911207529', 'amit.agarwal@example.com', 'BR003', 'Current', 91757.81),
('Amit Patel', 'M', '1988-02-29', 'Ahmedabad', 'Gujarat', '9398009314', 'amit.patel@example.com', 'BR003', 'Fixed Deposit', 20159.58),
('Asha Reddy', 'F', '2004-04-15', 'Lucknow', 'Uttar Pradesh', '9180505106', 'asha.reddy@example.com', 'BR008', 'Fixed Deposit', 86241.56),
('Harish Rao', 'M', '1977-09-28', 'Ludhiana', 'Punjab', '9737196434', 'harish.rao@example.com', 'BR010', 'Fixed Deposit', 74434.08),
('Ravi Nath', 'M', '1999-10-08', 'Pimpri-Chinchwad', 'Maharashtra', '9170389718', 'ravi.nath@example.com', 'BR001', 'Fixed Deposit', 96034.10),
('Ritu Kapoor', 'F', '1977-11-18', 'Kalyan-Dombivli', 'Maharashtra', '9460227740', 'ritu.kapoor@example.com', 'BR008', 'Current', 65092.56),
('Nisha Nair', 'F', '1974-08-07', 'Kota', 'Rajasthan', '9256310424', 'nisha.nair@example.com', 'BR007', 'Current', 17377.91),
('Ajay Gupta', 'M', '1967-04-08', 'Meerut', 'Uttar Pradesh', '9967901605', 'ajay.gupta@example.com', 'BR003', 'Fixed Deposit', 67936.43),
('Gaurav Kumar', 'M', '1998-03-30', 'Navi Mumbai', 'Maharashtra', '9861206820', 'gaurav.kumar@example.com', 'BR002', 'Savings', 99757.39),
('Amit Malhotra', 'M', '1998-11-25', 'Aurangabad', 'Maharashtra', '9202985363', 'amit.malhotra@example.com', 'BR007', 'Current', 67331.88),
('Sita Desai', 'F', '1991-04-04', 'Kota', 'Rajasthan', '9282928350', 'sita.desai@example.com', 'BR007', 'Current', 62978.91),
('Suresh Mehta', 'M', '1971-07-27', 'Patna', 'Bihar', '9259097421', 'suresh.mehta@example.com', 'BR010', 'Current', 67684.02),
('Ravi Nath', 'M', '1998-06-10', 'Surat', 'Gujarat', '9179577100', 'ravi.nath@example.com', 'BR001', 'Savings', 6710.83),
('Priya Nath', 'F', '1972-03-26', 'Ranchi', 'Jharkhand', '9176769237', 'priya.nath@example.com', 'BR004', 'Fixed Deposit', 8525.73),
('Kiran Malhotra', 'F', '1978-07-09', 'Indore', 'Madhya Pradesh', '9124069477', 'kiran.malhotra@example.com', 'BR002', 'Current', 53670.52),
('Rahul Reddy', 'M', '1994-07-25', 'Patna', 'Bihar', '9952300455', 'rahul.reddy@example.com', 'BR003', 'Fixed Deposit', 73729.05),
('Neha Saxena', 'F', '1985-03-14', 'Vasai-Virar', 'Maharashtra', '9336676333', 'neha.saxena@example.com', 'BR002', 'Savings', 14270.13),
('Rekha Jain', 'F', '1968-05-04', 'Visakhapatnam', 'Andhra Pradesh', '9368102107', 'rekha.jain@example.com', 'BR008', 'Fixed Deposit', 15712.27),
('Vishal Rao', 'M', '1970-08-26', 'Hubli-Dharwad', 'Karnataka', '9350251940', 'vishal.rao@example.com', 'BR009', 'Savings', 56127.39),
('Swati Kumar', 'F', '1974-09-16', 'Aurangabad', 'Maharashtra', '9173755609', 'swati.kumar@example.com', 'BR003', 'Savings', 10681.78),
('Asha Sharma', 'F', '1989-11-13', 'Agra', 'Uttar Pradesh', '9275784316', 'asha.sharma@example.com', 'BR009', 'Fixed Deposit', 53966.27),
('Rekha Rao', 'F', '1991-05-18', 'Navi Mumbai', 'Maharashtra', '9993443069', 'rekha.rao@example.com', 'BR003', 'Savings', 91050.26),
('Deepak Kapoor', 'M', '1975-11-27', 'Hubli-Dharwad', 'Karnataka', '9979788713', 'deepak.kapoor@example.com', 'BR009', 'Fixed Deposit', 33061.72),
('Sita Singh', 'F', '1998-09-25', 'Ghaziabad', 'Uttar Pradesh', '9121942348', 'sita.singh@example.com', 'BR001', 'Savings', 33582.08),
('Vinod Iyer', 'M', '2000-10-15', 'Solapur', 'Maharashtra', '9953105546', 'vinod.iyer@example.com', 'BR008', 'Fixed Deposit', 82190.75),
('Rani Iyer', 'F', '1972-07-01', 'Agra', 'Uttar Pradesh', '9184650463', 'rani.iyer@example.com', 'BR002', 'Fixed Deposit', 87359.13),
('Sanjay Kapoor', 'M', '1983-08-30', 'Cochin', 'Kerala', '9203733753', 'sanjay.kapoor@example.com', 'BR007', 'Fixed Deposit', 42887.55),
('Rekha Nair', 'F', '1995-09-02', 'Chandigarh', 'Chandigarh', '9856856506', 'rekha.nair@example.com', 'BR009', 'Fixed Deposit', 13906.57),
('Usha Desai', 'F', '1985-12-18', 'Solapur', 'Maharashtra', '9951092158', 'usha.desai@example.com', 'BR007', 'Fixed Deposit', 13993.74),
('Nitin Bansal', 'M', '1982-07-13', 'Mumbai', 'Maharashtra', '9719247379', 'nitin.bansal@example.com', 'BR003', 'Savings', 33241.78);

-- INSERT statements for transactions
INSERT INTO transactions (customer_id, branch_code, amount, transaction_type, transaction_category, transaction_date, channel) VALUES
(50, 'BR010', 2952.74, 'DEBIT', 'withdrawal', '2025-07-25', 'MOBILE'),
(38, 'BR010', 1738.65, 'CREDIT', 'deposit', '2025-07-03', 'ONLINE'),
(46, 'BR006', 4316.33, 'CREDIT', 'deposit', '2025-03-05', 'BRANCH'),
(28, 'BR005', 1978.51, 'CREDIT', 'deposit', '2024-12-16', 'ATM'),
(49, 'BR003', 8793.59, 'CREDIT', 'deposit', '2025-06-18', 'MOBILE'),
(21, 'BR010', 3227.90, 'CREDIT', 'transfer', '2025-07-26', 'ONLINE'),
(8, 'BR008', 5133.89, 'CREDIT', 'transfer', '2024-12-07', 'ONLINE'),
(11, 'BR010', 4070.35, 'CREDIT', 'deposit', '2025-05-23', 'MOBILE'),
(37, 'BR008', 2135.30, 'CREDIT', 'deposit', '2025-08-03', 'MOBILE'),
(11, 'BR002', 2.33, 'DEBIT', 'withdrawal', '2025-08-31', 'MOBILE'),
(36, 'BR002', 2812.38, 'DEBIT', 'withdrawal', '2025-08-17', 'MOBILE'),
(37, 'BR006', 6151.24, 'CREDIT', 'transfer', '2025-08-30', 'ONLINE'),
(26, 'BR006', 5057.01, 'CREDIT', 'deposit', '2025-06-24', 'ATM'),
(8, 'BR002', 289.10, 'DEBIT', 'withdrawal', '2025-08-24', 'MOBILE'),
(24, 'BR002', 1084.92, 'DEBIT', 'withdrawal', '2025-09-08', 'BRANCH'),
(25, 'BR009', 79.71, 'CREDIT', 'deposit', '2024-10-29', 'BRANCH'),
(50, 'BR006', 6448.68, 'CREDIT', 'transfer', '2024-10-17', 'ONLINE'),
(46, 'BR005', 6533.72, 'CREDIT', 'deposit', '2025-09-04', 'ATM'),
(47, 'BR004', 3771.73, 'CREDIT', 'deposit', '2025-09-28', 'ATM'),
(32, 'BR010', 5882.54, 'CREDIT', 'deposit', '2024-12-10', 'MOBILE'),
(11, 'BR007', 4486.16, 'DEBIT', 'payment', '2024-10-16', 'ONLINE'),
(21, 'BR007', 9024.93, 'CREDIT', 'transfer', '2025-07-17', 'ONLINE'),
(30, 'BR002', 3386.36, 'CREDIT', 'deposit', '2025-03-10', 'MOBILE'),
(20, 'BR004', 1686.03, 'CREDIT', 'deposit', '2025-09-18', 'MOBILE'),
(20, 'BR009', 6773.25, 'CREDIT', 'deposit', '2025-03-12', 'BRANCH'),
(8, 'BR004', 823.41, 'CREDIT', 'deposit', '2025-08-30', 'ATM'),
(4, 'BR007', 3597.62, 'DEBIT', 'withdrawal', '2025-09-10', 'MOBILE'),
(22, 'BR006', 9932.08, 'CREDIT', 'deposit', '2024-11-28', 'ATM'),
(9, 'BR009', 3365.75, 'CREDIT', 'deposit', '2025-05-04', 'ATM'),
(36, 'BR001', 9834.69, 'CREDIT', 'deposit', '2025-06-05', 'MOBILE'),
(22, 'BR002', 6278.34, 'CREDIT', 'deposit', '2025-03-22', 'BRANCH'),
(28, 'BR001', 3738.65, 'DEBIT', 'withdrawal', '2024-10-29', 'ATM'),
(45, 'BR003', 9819.37, 'CREDIT', 'transfer', '2025-06-27', 'ONLINE'),
(20, 'BR003', 1617.95, 'DEBIT', 'payment', '2025-03-23', 'ONLINE'),
(38, 'BR005', 7339.81, 'CREDIT', 'deposit', '2024-12-01', 'BRANCH'),
(12, 'BR002', 7151.88, 'CREDIT', 'deposit', '2024-10-27', 'ATM'),
(23, 'BR002', 1800.65, 'CREDIT', 'deposit', '2024-11-15', 'ATM'),
(6, 'BR006', 6244.16, 'CREDIT', 'deposit', '2025-06-14', 'ATM'),
(1, 'BR008', 4957.02, 'CREDIT', 'deposit', '2025-02-26', 'BRANCH'),
(29, 'BR006', 6362.77, 'CREDIT', 'deposit', '2025-06-05', 'MOBILE'),
(13, 'BR002', 366.83, 'CREDIT', 'deposit', '2025-09-08', 'ATM'),
(40, 'BR006', 3830.69, 'CREDIT', 'deposit', '2025-01-10', 'ATM'),
(36, 'BR009', 9604.35, 'CREDIT', 'deposit', '2025-01-25', 'BRANCH'),
(41, 'BR003', 1982.28, 'DEBIT', 'withdrawal', '2025-03-13', 'BRANCH'),
(32, 'BR009', 4005.73, 'CREDIT', 'deposit', '2025-05-24', 'ATM'),
(30, 'BR009', 4494.98, 'CREDIT', 'transfer', '2025-07-01', 'ONLINE'),
(31, 'BR004', 9147.04, 'CREDIT', 'deposit', '2025-07-29', 'BRANCH'),
(38, 'BR003', 4879.44, 'CREDIT', 'deposit', '2024-11-22', 'BRANCH'),
(28, 'BR003', 2580.47, 'CREDIT', 'deposit', '2025-08-14', 'MOBILE'),
(29, 'BR010', 1116.01, 'DEBIT', 'withdrawal', '2025-02-20', 'ATM'),
(28, 'BR007', 3416.90, 'CREDIT', 'transfer', '2025-01-13', 'ONLINE'),
(35, 'BR004', 6555.88, 'CREDIT', 'deposit', '2025-02-26', 'MOBILE'),
(39, 'BR009', 3637.69, 'DEBIT', 'withdrawal', '2025-08-01', 'BRANCH'),
(33, 'BR002', 8987.48, 'CREDIT', 'deposit', '2025-01-21', 'MOBILE'),
(46, 'BR008', 351.56, 'CREDIT', 'deposit', '2025-08-18', 'ATM'),
(16, 'BR007', 2217.93, 'DEBIT', 'withdrawal', '2024-11-09', 'MOBILE'),
(1, 'BR010', 4245.25, 'DEBIT', 'withdrawal', '2025-01-19', 'BRANCH'),
(31, 'BR003', 3279.82, 'CREDIT', 'transfer', '2025-05-02', 'ONLINE'),
(30, 'BR001', 5166.11, 'CREDIT', 'deposit', '2025-10-05', 'MOBILE'),
(22, 'BR008', 5318.42, 'CREDIT', 'transfer', '2025-08-24', 'ONLINE'),
(5, 'BR005', 2932.88, 'DEBIT', 'withdrawal', '2024-12-15', 'BRANCH'),
(17, 'BR005', 4981.36, 'CREDIT', 'deposit', '2025-08-15', 'BRANCH'),
(39, 'BR009', 463.98, 'CREDIT', 'deposit', '2025-10-07', 'MOBILE'),
(38, 'BR003', 8424.33, 'CREDIT', 'deposit', '2025-10-04', 'BRANCH'),
(36, 'BR007', 6303.65, 'CREDIT', 'transfer', '2024-12-15', 'ONLINE'),
(42, 'BR008', 4295.93, 'DEBIT', 'payment', '2025-06-20', 'ONLINE'),
(42, 'BR006', 9761.52, 'CREDIT', 'deposit', '2025-05-14', 'MOBILE'),
(10, 'BR010', 2816.28, 'CREDIT', 'transfer', '2025-05-20', 'ONLINE'),
(22, 'BR007', 8632.55, 'CREDIT', 'deposit', '2024-11-19', 'BRANCH'),
(46, 'BR007', 2529.35, 'DEBIT', 'withdrawal', '2025-07-20', 'BRANCH'),
(29, 'BR005', 3609.12, 'DEBIT', 'withdrawal', '2025-08-09', 'ATM'),
(35, 'BR003', 4413.79, 'DEBIT', 'withdrawal', '2025-01-19', 'MOBILE'),
(8, 'BR004', 8013.96, 'CREDIT', 'deposit', '2025-09-04', 'ATM'),
(37, 'BR010', 1120.16, 'DEBIT', 'payment', '2024-11-18', 'ONLINE'),
(12, 'BR001', 2727.97, 'DEBIT', 'withdrawal', '2024-12-26', 'ATM'),
(43, 'BR009', 1897.17, 'CREDIT', 'transfer', '2024-12-01', 'ONLINE'),
(7, 'BR002', 1840.95, 'CREDIT', 'deposit', '2025-03-14', 'MOBILE'),
(11, 'BR009', 7802.81, 'CREDIT', 'deposit', '2025-08-17', 'ATM'),
(34, 'BR006', 599.89, 'CREDIT', 'transfer', '2025-03-21', 'ONLINE'),
(1, 'BR009', 9227.37, 'CREDIT', 'deposit', '2025-03-06', 'MOBILE'),
(25, 'BR008', 8916.70, 'CREDIT', 'transfer', '2025-01-03', 'ONLINE'),
(35, 'BR007', 946.57, 'CREDIT', 'deposit', '2025-04-03', 'MOBILE'),
(25, 'BR005', 7140.39, 'CREDIT', 'deposit', '2025-01-27', 'MOBILE'),
(33, 'BR007', 4773.71, 'CREDIT', 'deposit', '2024-10-18', 'ATM'),
(46, 'BR004', 2987.73, 'DEBIT', 'withdrawal', '2024-12-11', 'BRANCH'),
(11, 'BR008', 1706.37, 'DEBIT', 'withdrawal', '2025-01-26', 'MOBILE'),
(47, 'BR004', 2978.95, 'DEBIT', 'withdrawal', '2025-05-05', 'BRANCH'),
(9, 'BR007', 9921.33, 'CREDIT', 'deposit', '2025-02-28', 'BRANCH'),
(17, 'BR002', 3174.36, 'DEBIT', 'withdrawal', '2024-11-05', 'MOBILE'),
(34, 'BR005', 7944.07, 'CREDIT', 'deposit', '2025-06-18', 'MOBILE'),
(30, 'BR010', 1603.75, 'CREDIT', 'transfer', '2024-10-19', 'ONLINE'),
(44, 'BR006', 5291.60, 'CREDIT', 'transfer', '2025-06-19', 'ONLINE'),
(20, 'BR001', 4110.22, 'DEBIT', 'payment', '2025-05-20', 'ONLINE'),
(10, 'BR009', 5827.97, 'CREDIT', 'deposit', '2025-04-10', 'BRANCH'),
(22, 'BR008', 9297.76, 'CREDIT', 'transfer', '2024-12-25', 'ONLINE'),
(32, 'BR008', 2297.81, 'DEBIT', 'withdrawal', '2025-03-02', 'BRANCH'),
(37, 'BR005', 7670.30, 'CREDIT', 'deposit', '2024-10-17', 'ATM'),
(9, 'BR001', 580.24, 'DEBIT', 'withdrawal', '2025-06-14', 'MOBILE'),
(16, 'BR003', 6798.51, 'CREDIT', 'transfer', '2024-12-09', 'ONLINE'),
(33, 'BR008', 1298.80, 'DEBIT', 'withdrawal', '2024-10-29', 'BRANCH');